{
  "summary": {
    "pytorch_cpu": {
      "mean_ms": 1290.5321584998092,
      "p50_ms": 1277.0680325002104,
      "p90_ms": 1507.7961073000554,
      "fwd_only_img_s": 0.7748741427431449
    },
    "onnxruntime_cpu": {
      "mean_ms": 839.5194566002829,
      "p50_ms": 831.248522500573,
      "p90_ms": 958.6405485006253,
      "fwd_only_img_s": 1.1911576225399219
    },
    "openvino_cpu": {
      "mean_ms": 596.655932899921,
      "p50_ms": 580.2045769996766,
      "p90_ms": 706.0109196996564,
      "fwd_only_img_s": 1.6760078042628517
    }
  },
  "parity": {
    "onnxruntime_cpu": 3.1620264053344727e-05,
    "openvino_cpu": 4.673004150390625e-05
  },
  "miou_1scale": 0.10246371341247308,
  "n_images": 20,
  "threads": 8,
  "scale_idx": 2
}